store,type,department,date,weekly_sales,is_holiday,temperature_c,fuel_price_usd_per_l,unemployment
4,A,56,2011-12-30,12400.61,False,31.028,0.755,8.043
7,B,96,2011-04-29,33801.63,True,29.984,0.959,10.782
1,A,24,2010-02-05,57624.62,False,17.595,0.902,11.609
3,A,45,2010-03-19,21466.23,True,-3.947,0.748,9.082
3,C,3,2012-03-09,58850.79,False,28.006,0.821,11.988
8,B,89,2011-09-30,17751.83,False,25.083,0.839,7.544
9,B,90,2011-12-30,40720.59,False,28.541,1.099,6.398
3,B,5,2011-04-22,55179.8,True,20.486,1.048,11.078
6,C,69,2012-02-03,43076.13,False,11.173,0.808,6.671
9,C,83,2012-11-30,19232.44,False,-3.673,0.743,11.735
6,C,81,2011-03-04,23101.0,False,5.002,0.837,7.249
2,B,34,2010-07-30,17276.54,False,23.411,1.162,9.671
1,B,27,2011-03-25,31497.92,False,39.933,0.887,7.733
7,A,60,2011-08-19,31780.82,True,6.776,0.819,7.601
2,A,51,2011-08-12,20177.1,True,8.159,0.999,6.644
9,A,65,2010-07-09,46855.26,True,-1.052,0.692,11.598
4,A,95,2011-03-25,20048.08,True,34.933,0.634,8.836
8,A,19,2011-07-08,45807.6,False,6.14,0.678,11.701
9,C,42,2011-09-16,44374.78,False,23.762,1.034,8.549
6,A,26,2011-06-03,16595.84,True,5.188,0.69,8.404
10,C,15,2011-10-28,59233.37,True,18.275,0.662,4.047
8,A,12,2012-08-31,14317.38,True,13.524,1.001,9.855
4,C,99,2010-09-17,15268.77,True,0.109,0.836,11.114
1,C,37,2011-08-05,27547.34,True,38.022,1.171,5.753
3,A,37,2011-10-14,42369.99,True,29.88,0.876,6.811
7,B,24,2012-02-24,34776.19,False,0.795,1.119,8.836
10,A,47,2011-09-02,20786.35,False,19.004,0.79,9.263
7,B,60,2012-01-20,59783.2,False,-0.948,0.889,11.519
10,A,55,2010-05-21,40733.53,False,13.573,1.18,8.534
3,B,50,2011-10-07,42459.88,False,4.936,0.92,7.68
8,A,76,2011-07-15,43806.17,True,5.044,0.683,9.69
2,C,16,2012-09-14,21595.92,True,13.329,0.827,7.402
8,A,31,2011-09-30,41559.2,False,15.566,0.957,10.268
1,C,27,2010-03-26,37954.42,False,-1.247,1.131,5.306
6,B,61,2010-10-29,37483.35,True,-4.969,0.757,6.05
10,B,25,2011-06-24,41723.34,True,0.245,0.847,4.419
8,C,82,2012-03-30,15731.24,False,3.734,1.103,5.855
5,A,96,2012-07-27,19361.74,False,35.445,0.868,8.378
9,A,98,2012-08-24,35769.3,False,7.203,0.685,5.996
2,B,65,2010-08-20,46399.65,True,35.976,0.822,7.458
7,A,86,2012-12-07,33687.08,False,37.908,1.195,9.696
10,A,35,2010-08-27,18293.71,False,5.19,0.773,11.272
10,C,22,2010-07-30,12257.32,False,26.679,1.101,4.43
10,C,9,2012-04-27,22594.95,False,-3.216,0.642,6.145
2,C,18,2010-05-21,49288.13,True,7.174,0.719,6.904
4,C,84,2010-12-31,25497.7,False,14.96,0.682,11.601
1,B,60,2012-06-01,25603.52,False,6.463,0.734,5.627
2,C,96,2010-09-03,51968.93,True,8.862,0.634,8.316
5,B,96,2012-06-22,33883.24,False,27.239,1.161,6.641
6,B,97,2012-04-06,12786.5,True,36.934,0.974,6.7
4,B,83,2012-12-07,30619.77,False,5.447,0.846,11.58
4,C,36,2011-06-24,26202.28,True,13.531,1.107,8.004
8,A,32,2011-07-01,42897.7,True,34.673,0.653,6.432
7,B,55,2010-07-09,27339.44,False,24.885,0.907,4.426
9,B,24,2012-04-27,51677.87,False,35.302,1.077,5.406
9,B,86,2010-04-16,29244.91,True,4.412,0.641,6.026
7,C,48,2010-08-20,38809.99,True,22.278,1.185,7.458
2,A,50,2012-01-20,57036.2,False,0.437,0.717,4.164
10,A,90,2011-11-11,31845.44,False,12.335,1.083,9.576
1,C,25,2012-03-23,32041.84,True,0.356,0.688,7.843
7,B,26,2012-12-14,25159.83,True,15.296,0.632,8.407
3,B,45,2011-07-15,55899.27,False,38.331,0.761,6.464
8,A,77,2011-04-29,21450.96,True,29.286,0.712,9.566
7,A,62,2010-10-01,35498.46,False,31.468,0.747,7.381
8,C,33,2012-06-15,49948.21,True,34.247,0.733,11.955
8,C,14,2010-12-17,47343.56,True,11.98,0.907,5.624
7,C,4,2012-07-27,44924.8,True,36.758,0.837,6.097
6,C,76,2011-08-05,26702.72,True,17.167,0.908,5.353
3,A,62,2012-05-04,40310.78,True,37.235,1.036,9.751
1,C,21,2012-06-22,53174.3,True,19.407,1.092,10.444
9,C,49,2010-07-02,55472.8,True,5.058,0.977,4.408
6,C,83,2012-10-26,19853.25,False,21.107,0.641,11.951
3,C,10,2010-05-21,56374.39,True,16.436,1.016,10.99
9,B,79,2011-04-29,32334.36,False,-3.301,0.748,5.948
4,B,7,2010-10-29,45639.14,False,19.578,0.972,10.47
8,C,25,2011-01-28,50088.68,False,39.317,0.748,11.369
9,C,11,2010-06-18,59193.72,True,37.199,1.139,9.137
8,B,25,2011-01-28,26459.85,False,20.191,1.121,10.982
3,A,93,2010-07-09,55835.61,True,19.39,0.617,10.281
6,A,20,2010-05-07,24094.81,False,23.109,0.83,6.715
9,B,67,2012-06-15,53505.18,False,17.58,0.862,11.324
6,C,42,2011-03-04,10713.99,False,-3.388,1.155,4.449
1,B,89,2011-03-11,25594.84,True,-4.958,0.827,9.847
5,B,70,2010-03-12,14484.74,True,-1.065,1.057,4.381
2,B,41,2010-08-06,53252.24,False,26.445,1.141,11.194
3,C,81,2011-06-10,37414.32,False,24.225,0.776,6.657
3,C,72,2012-08-03,13239.99,True,10.034,0.646,7.993
6,C,38,2011-11-25,30419.65,False,34.999,1.192,7.455
1,B,16,2012-12-07,31702.58,False,37.726,0.916,6.388
10,A,56,2011-10-14,40325.11,True,37.535,0.893,7.533
4,A,58,2011-05-27,39731.2,True,2.612,1.069,6.387
7,C,45,2012-09-21,11832.62,True,16.634,0.774,5.227
3,C,66,2011-04-15,58128.8,False,29.564,0.999,5.578
6,A,17,2011-06-17,37383.76,False,-0.44,1.114,5.459
10,B,38,2011-08-05,34554.22,False,-4.935,0.843,10.989
3,B,84,2011-11-04,37911.41,True,19.214,0.804,11.977
10,A,49,2010-04-09,12276.89,False,15.377,0.767,5.18
4,C,67,2010-07-09,27122.93,False,38.434,0.659,5.346
7,A,16,2010-07-16,22994.22,False,10.125,0.702,7.311
4,C,97,2012-12-07,36858.94,False,21.128,0.837,11.127
5,A,11,2011-12-09,55420.05,False,35.374,0.974,7.805
9,B,49,2010-08-13,48446.31,False,15.056,1.121,9.695
8,C,20,2012-02-03,43916.43,True,33.936,0.942,9.526
2,B,99,2012-08-17,13194.19,False,34.324,1.056,9.671
2,B,13,2011-02-04,12942.83,False,33.375,0.647,5.676
10,A,10,2010-12-03,20296.21,True,-3.667,0.847,4.654
3,B,83,2012-04-27,42116.52,True,27.485,0.952,10.348
4,A,31,2010-07-30,52616.42,True,28.327,0.72,9.112
6,C,69,2011-09-16,21627.51,True,16.931,1.147,4.102
10,B,18,2011-04-22,30103.47,False,15.871,1.09,7.117
7,C,80,2011-04-15,20959.44,True,-1.892,0.725,8.098
9,C,95,2012-07-27,50121.38,True,0.761,1.077,9.627
3,C,29,2012-11-02,16672.1,True,33.934,0.864,8.102
1,A,37,2011-04-29,22414.06,True,3.119,1.003,7.205
5,B,45,2012-08-17,34129.65,False,-3.718,1.192,10.281
9,C,31,2012-08-10,27108.26,True,39.583,0.915,8.696
8,C,90,2011-08-05,53188.02,True,37.314,0.752,6.058
2,B,53,2011-01-14,32034.71,False,0.425,1.056,10.532
10,C,48,2011-09-23,46804.4,False,3.927,0.883,11.546
7,A,35,2011-09-30,52027.5,True,12.891,0.642,8.876
4,C,27,2011-08-19,14865.47,False,15.078,0.866,8.19
7,C,74,2012-03-16,10880.52,False,1.818,0.871,9.575
2,C,95,2012-01-13,56584.3,False,2.254,0.622,4.039
5,B,91,2012-12-07,39268.25,True,0.027,0.7,8.781
1,B,77,2010-10-29,28079.62,True,-3.682,0.875,8.38
6,A,90,2011-02-04,29992.18,True,3.002,0.911,4.352
3,A,71,2011-07-29,29600.02,False,-1.011,0.926,9.013
2,A,99,2010-06-04,50803.55,True,27.115,1.042,7.089
1,A,76,2012-04-06,50904.98,True,17.422,0.614,4.543
3,A,85,2012-02-10,32152.24,True,29.713,0.956,8.841
5,B,14,2012-08-24,14455.82,True,28.001,1.197,4.846
5,B,22,2012-08-24,56104.67,False,36.301,0.866,10.838
1,C,61,2012-03-16,30464.22,True,3.491,0.822,9.689
8,A,1,2011-06-24,35265.55,True,-3.332,0.791,9.49
10,B,26,2010-10-15,52426.1,False,1.088,0.605,11.446
10,C,68,2012-09-21,13291.02,False,6.215,0.78,8.335
9,A,53,2011-12-09,50083.24,True,4.278,0.917,8.67
5,B,71,2010-11-19,10194.19,True,15.314,0.81,4.101
4,C,97,2011-12-09,48145.09,True,18.362,0.65,5.566
1,C,56,2011-04-08,22129.31,True,1.623,1.119,7.698
5,C,4,2012-02-17,20153.45,True,25.681,1.113,8.605
2,B,98,2012-03-09,24086.58,False,-1.99,0.704,9.532
9,C,60,2011-09-16,54296.61,False,23.587,0.745,11.66
9,C,21,2011-05-27,25026.92,False,-0.434,0.774,7.944
7,B,29,2012-08-03,34854.99,False,3.412,0.746,5.259
5,C,22,2010-12-10,16993.8,True,20.157,1.108,10.633
1,C,8,2011-09-30,48268.4,True,-0.797,1.086,6.713
2,A,35,2011-08-26,19234.72,True,33.753,0.744,11.214
2,A,45,2012-02-17,34255.07,False,15.075,0.649,8.673
4,B,71,2012-08-17,17333.07,True,24.079,0.77,10.829
6,A,84,2010-06-18,48686.96,True,29.557,0.869,6.882
3,C,11,2012-08-24,28229.32,False,16.788,0.844,6.447
3,B,69,2011-07-29,16739.06,True,35.137,0.785,11.75
5,A,30,2011-06-17,11601.47,False,28.165,0.616,8.367
3,A,11,2012-10-12,27579.07,True,39.325,0.828,9.823
8,C,64,2012-03-30,32362.19,True,-1.081,1.133,5.686
6,A,19,2010-10-08,36091.1,False,14.747,0.859,6.632
1,B,6,2012-10-19,36332.24,False,13.649,0.674,4.31
4,B,27,2012-06-29,13789.54,False,2.347,0.766,5.682
7,C,33,2011-12-09,53553.03,False,-2.841,0.786,11.058
9,B,81,2011-07-29,48483.75,True,3.21,0.72,9.551
9,B,23,2012-11-23,36053.44,False,27.626,1.09,8.348
3,B,18,2012-08-31,38124.48,False,34.107,0.83,10.003
6,B,24,2012-07-27,48028.41,False,-0.73,1.147,5.844
3,B,91,2011-01-28,48029.79,False,38.342,0.956,11.615
9,B,71,2011-10-07,20657.02,False,25.055,0.903,5.864
10,B,71,2011-05-13,36194.3,True,27.382,0.921,5.604
1,B,88,2012-02-10,45874.29,True,9.524,0.874,6.777
10,A,14,2010-05-28,45656.62,True,37.251,0.651,5.248
4,C,1,2011-08-05,40595.9,True,1.194,1.066,8.002
6,A,80,2011-05-06,30079.69,True,28.791,0.602,8.95
5,A,18,2011-06-24,38111.89,True,-1.228,1.128,11.568
7,B,91,2011-06-10,39200.23,False,12.251,0.842,4.306
2,B,14,2011-02-11,20109.72,False,38.726,0.651,11.924
1,A,60,2011-11-11,26042.28,False,-1.475,0.86,7.518
8,A,38,2010-06-04,41113.39,False,1.699,1.154,11.116
2,B,42,2011-04-01,56095.28,False,2.255,0.879,7.383
7,C,95,2011-08-05,53180.76,True,5.236,0.882,8.803
9,B,9,2012-07-13,47322.25,True,-2.161,1.154,4.81
9,C,92,2011-12-09,19520.39,False,-0.48,0.886,11.561
5,B,98,2010-11-05,43845.93,True,32.879,0.764,5.089
5,B,46,2012-11-30,24145.87,True,5.304,1.111,8.418
9,A,32,2011-07-08,44251.24,False,39.169,0.844,4.781
8,C,73,2011-10-28,40559.41,False,8.25,1.191,11.252
10,A,22,2011-02-25,25275.97,False,19.049,0.602,5.447
8,B,75,2012-04-06,10430.91,False,10.921,0.819,8.468
1,B,51,2012-10-19,21297.23,True,4.479,0.77,7.194
3,B,89,2012-03-09,28929.57,True,27.609,0.928,9.042
5,C,1,2010-10-29,37880.65,True,5.972,0.854,6.195
6,B,44,2012-09-14,18936.55,False,26.587,1.114,10.58
4,B,68,2012-04-13,28801.86,True,11.016,0.909,4.662
4,C,56,2010-04-16,44455.86,True,27.837,0.981,5.135
5,B,10,2012-08-03,19678.01,True,8.732,0.722,11.167
2,B,74,2010-08-20,13680.17,False,-1.584,0.947,8.106
4,C,78,2011-09-09,43024.83,False,13.864,0.807,10.44
3,B,17,2010-03-05,40720.32,True,30.683,0.805,4.469
1,A,86,2012-08-24,32256.43,True,-0.339,1.105,9.551
7,C,2,2010-10-01,23116.26,True,0.777,0.631,10.414
7,C,73,2010-07-23,32743.61,False,38.458,0.625,11.566
4,A,67,2011-04-01,23183.57,False,7.192,0.834,6.743
7,A,52,2012-06-22,27423.35,False,37.317,1.069,7.752
6,C,65,2011-02-18,47189.99,False,12.365,0.946,4.668
10,B,15,2012-02-17,39412.29,True,15.53,1.18,9.526
8,A,12,2012-02-24,53591.09,True,35.417,1.155,10.172
6,B,6,2010-11-12,39440.25,True,19.902,0.695,6.346
5,B,97,2011-07-29,21572.52,False,33.547,0.822,11.663
3,A,79,2011-10-14,38987.59,True,21.815,1.118,9.449
7,C,15,2010-09-03,46857.99,False,9.467,1.052,6.573
7,B,84,2012-05-25,14223.76,False,27.072,0.983,11.117
6,A,61,2012-09-07,24264.37,True,33.213,0.743,10.187
1,A,2,2012-06-22,44881.97,True,9.479,1.158,8.142
4,A,59,2011-10-14,37713.22,True,16.401,1.186,8.147
5,B,10,2011-09-30,25089.36,True,4.501,0.828,9.487
7,C,70,2011-01-14,15462.52,False,29.543,0.624,4.126
4,B,25,2011-07-08,33803.15,False,36.94,0.605,10.651
6,C,49,2010-06-11,21174.77,True,23.068,0.719,7.201
10,A,46,2012-01-20,56203.71,False,22.454,1.114,8.484
8,B,88,2011-08-26,39208.42,True,15.9,0.743,4.9
3,C,58,2010-02-05,46963.68,True,38.991,1.164,7.13
4,B,95,2010-10-01,33352.96,True,-0.536,0.879,11.383
4,A,20,2010-07-02,20858.79,False,9.755,0.729,5.826
5,C,57,2011-10-07,38973.52,True,4.776,0.758,9.612
7,B,62,2012-05-04,10565.01,True,11.012,0.882,4.023
7,A,5,2012-11-30,30130.46,True,29.828,0.914,6.879
3,A,46,2011-04-08,55959.12,False,33.178,0.941,8.556
1,B,54,2010-11-05,43720.98,False,35.173,0.818,10.794
10,C,62,2010-08-06,24996.05,False,4.612,0.852,11.331
5,B,96,2011-09-09,24561.17,False,7.632,0.717,7.574
1,A,65,2012-07-27,12663.7,False,35.937,0.777,11.388
3,A,35,2011-11-11,21440.44,True,10.19,0.662,7.892
10,B,48,2012-01-20,34826.8,True,33.878,1.126,9.355
4,C,11,2012-04-27,13244.05,False,13.2,1.076,10.825
10,C,59,2012-11-23,34765.2,False,2.28,0.931,4.309
7,C,99,2012-07-13,57668.15,True,16.228,1.186,4.369
10,B,90,2011-07-01,27018.4,True,33.66,0.607,7.126
5,A,1,2010-07-02,37079.91,False,-0.767,1.127,4.851
10,A,86,2012-10-19,46392.89,True,-2.366,1.089,10.102
9,C,78,2010-12-31,18164.73,True,18.039,1.186,6.317
8,C,30,2012-03-02,48169.46,True,34.25,1.077,7.525
5,B,4,2012-11-09,58987.57,True,36.977,1.152,10.018
2,C,18,2011-12-30,58562.11,True,-4.563,0.655,4.185
3,C,89,2011-05-27,35996.36,False,31.295,1.09,6.164
10,C,43,2011-12-16,48579.41,False,12.135,0.923,9.418
9,A,49,2011-08-26,38694.66,True,1.891,0.817,9.624
4,C,37,2011-04-15,52294.13,False,2.026,0.713,4.457
5,A,72,2012-04-06,19718.68,False,25.38,1.12,7.164
3,B,91,2011-09-30,31778.25,False,33.723,0.878,9.053
9,B,18,2011-09-16,30279.27,False,24.666,0.616,9.366
4,B,56,2010-09-24,52500.74,True,38.111,0.786,8.177
4,C,75,2011-03-04,32425.28,True,-4.53,0.686,9.875
9,B,93,2010-04-30,16436.68,False,-3.8,0.887,11.356
8,A,55,2011-07-29,56752.23,True,-1.31,1.127,7.114
8,C,58,2010-12-10,48150.14,False,8.185,0.908,8.169
2,B,70,2011-08-05,47003.26,True,4.953,1.003,7.404
10,B,98,2010-11-05,37434.83,False,27.758,0.761,10.154
3,A,47,2010-03-19,28671.6,False,29.262,0.679,7.938
5,B,33,2010-10-01,16953.42,True,7.301,0.714,6.561
7,B,19,2011-01-07,39700.65,False,27.212,0.752,6.502
1,B,85,2011-03-18,25634.74,True,12.211,0.975,7.4
3,A,68,2011-12-02,56872.1,True,8.379,0.84,6.063
3,B,25,2011-12-09,13227.3,True,0.646,0.619,8.661
6,C,51,2012-09-07,21296.28,True,3.096,0.82,7.931
10,C,70,2011-12-23,52469.5,False,27.529,0.981,9.232
9,A,37,2011-08-12,32596.77,False,32.415,0.921,11.402
9,C,86,2012-02-03,18209.65,False,35.098,0.978,4.177
4,B,52,2010-05-07,57108.22,False,18.951,1.137,7.588
1,B,48,2011-08-19,41944.37,True,10.532,1.114,10.12
1,C,65,2012-05-11,31784.97,False,13.499,0.978,5.994
8,A,31,2011-12-16,11429.17,False,14.002,0.806,5.63
3,C,69,2012-04-20,47654.55,False,11.731,0.789,8.149
2,B,47,2011-04-15,39190.15,True,-0.124,1.03,5.239
7,C,92,2012-10-12,54368.16,True,24.725,1.178,10.895
9,C,73,2010-07-30,21502.56,False,5.866,0.989,4.987
4,A,32,2010-03-05,14346.88,False,7.851,1.075,11.811
3,A,48,2010-11-12,20980.5,False,28.776,0.618,8.51
3,B,41,2012-01-13,48715.37,True,21.611,1.049,5.036
9,B,26,2012-06-29,51090.74,False,32.509,0.64,4.375
10,C,8,2010-07-23,14308.71,True,3.044,0.792,10.707
7,B,25,2010-06-25,59115.05,True,19.747,0.665,6.143
9,B,81,2010-11-12,20290.91,True,24.225,0.706,11.256
10,B,15,2010-06-04,30929.08,True,11.056,0.712,4.114
6,C,61,2010-02-05,34104.26,True,29.056,0.843,6.688
1,A,59,2011-05-27,54846.66,True,21.534,1.13,8.119
10,C,18,2012-12-07,59218.41,False,36.236,0.864,11.171
4,C,14,2011-06-24,38061.91,False,25.071,0.744,11.156
5,B,93,2011-01-14,35184.05,True,27.345,1.033,7.523
7,A,63,2011-12-09,34683.98,False,39.242,0.81,10.39
10,C,30,2010-02-26,43766.28,True,38.982,0.93,5.791
3,A,32,2012-02-03,53017.32,False,30.547,0.812,8.782
8,A,69,2011-12-30,30874.77,False,21.233,0.843,4.443
9,A,67,2012-03-23,24364.66,True,24.091,1.172,10.558
2,A,71,2012-01-13,25051.88,True,1.0,0.989,11.541
7,C,48,2012-01-27,38504.29,False,26.059,0.689,6.549
3,B,39,2012-04-27,13923.52,True,25.684,1.157,8.354
3,C,63,2011-01-21,51257.03,True,22.395,0.951,8.52
7,A,3,2011-04-29,39951.29,False,20.492,0.973,11.06
3,A,10,2012-11-09,59605.98,True,-1.915,0.87,6.343
5,C,23,2011-03-04,48971.85,True,32.149,0.823,9.761
10,B,41,2012-07-13,13834.35,False,35.456,0.887,11.898
10,B,12,2010-02-05,24889.5,True,37.492,1.014,8.002
10,B,85,2011-12-16,27734.01,True,-0.857,1.01,10.949
4,C,23,2011-12-09,46288.4,False,-4.741,0.871,4.368
1,C,85,2010-11-26,30379.07,False,5.513,0.934,4.599
5,A,4,2011-09-23,33476.01,False,37.16,0.625,11.064
8,C,39,2011-12-23,29953.37,True,13.434,1.053,7.009
5,B,61,2010-10-15,20767.63,False,10.812,0.737,8.679
9,B,94,2011-05-27,40260.01,False,23.777,0.684,7.835
7,C,70,2010-07-02,36177.89,True,10.577,1.087,10.59
3,A,57,2012-06-01,11205.62,True,-2.624,0.986,8.601
6,A,11,2012-01-06,12889.39,False,32.215,1.192,11.697
10,C,44,2010-07-23,43837.84,True,32.635,0.718,9.839
2,C,69,2010-10-15,47054.84,False,26.775,0.874,7.418
4,A,41,2011-01-14,57390.26,False,14.488,0.865,11.864
8,C,54,2011-06-17,29665.72,True,3.66,0.748,6.154
9,A,40,2012-09-21,34054.25,True,31.728,0.85,11.122
2,A,31,2012-08-10,49116.76,False,33.086,0.762,6.246
4,C,84,2012-12-07,31677.32,True,3.595,0.968,10.75
2,B,25,2011-02-18,12566.09,True,-0.615,0.763,11.709
4,A,55,2012-07-20,34869.41,False,35.83,1.196,7.193
1,A,17,2011-11-18,45628.41,False,38.682,1.198,10.693
3,A,98,2011-06-10,21519.36,True,17.148,0.925,8.653
10,C,98,2011-10-21,43751.22,True,-4.712,0.784,8.261
9,A,18,2010-12-24,59665.27,True,19.47,1.06,10.33
1,C,11,2010-07-23,37215.58,False,-0.629,0.863,10.97
4,B,63,2012-03-02,41295.36,False,12.451,0.872,6.933
1,B,80,2010-04-30,59925.13,False,4.706,0.721,4.803
8,A,77,2012-07-20,59776.76,False,11.612,0.766,11.282
5,C,31,2012-03-16,23345.38,True,26.187,0.612,11.23
2,B,66,2012-07-13,53290.94,True,21.723,0.833,7.561
2,C,81,2011-02-11,58400.05,False,-1.38,0.778,7.945
7,C,46,2012-03-02,59671.21,True,39.01,0.799,10.069
5,C,74,2012-09-14,21449.79,True,4.32,0.783,4.331
8,A,16,2010-12-31,30898.43,True,28.07,0.931,4.883
1,A,91,2011-03-04,49491.9,True,29.237,0.975,11.463
8,B,27,2010-11-12,41349.82,True,1.574,0.711,5.758
4,B,96,2012-06-01,13617.01,True,33.567,0.637,4.845
2,A,61,2012-11-30,59972.36,True,33.855,0.66,8.043
9,C,95,2012-08-31,15723.63,True,17.076,0.921,6.703
1,A,48,2012-03-23,12821.22,False,22.261,1.002,10.809
9,B,7,2011-12-09,25327.71,False,7.305,0.925,7.711
9,C,47,2010-09-10,53053.09,True,18.172,1.184,9.613
4,A,61,2010-07-02,47236.11,False,28.422,0.894,5.928
10,B,60,2010-05-14,20746.94,False,-0.385,0.621,9.623
10,C,16,2012-06-15,10502.7,True,20.878,0.991,5.089
3,C,81,2012-09-07,27264.27,False,7.741,0.635,10.731
4,A,63,2012-06-29,30298.42,False,36.324,1.091,10.19
5,A,60,2011-02-25,24717.98,False,1.326,1.158,7.843
7,B,54,2011-10-21,59157.14,True,4.021,0.777,5.836
6,A,18,2011-01-21,22799.97,False,5.049,0.706,10.116
10,C,16,2011-06-10,37221.96,True,23.422,0.936,5.156
8,C,96,2011-04-29,52149.59,True,21.068,0.689,5.847
1,B,76,2010-04-02,27855.38,False,4.372,0.863,11.649
2,A,59,2011-09-23,13566.92,False,5.628,1.128,7.891
1,B,5,2011-02-04,48913.3,False,17.516,1.161,5.272
8,A,91,2010-03-19,38951.56,False,-4.455,0.922,8.473
10,A,99,2012-01-13,43871.65,True,32.848,0.832,7.859
3,B,49,2012-08-17,39599.89,False,33.767,1.033,7.48
8,A,29,2010-09-24,31242.33,False,9.673,1.091,9.685
1,B,92,2011-11-04,22656.32,True,22.999,0.961,7.323
1,B,51,2010-10-08,18330.62,False,17.001,0.887,11.343
10,A,12,2010-09-17,19532.79,False,23.332,1.085,8.644
4,B,64,2011-07-01,33312.44,True,32.161,0.876,11.169
9,C,99,2010-04-23,22839.83,True,25.012,0.832,9.968
10,A,30,2011-02-25,33781.3,True,12.667,1.141,4.523
3,B,71,2010-07-16,26884.3,True,39.632,0.882,7.165
10,B,33,2010-03-05,34923.57,True,18.323,0.7,7.195
3,B,18,2010-02-19,21345.9,False,-3.326,0.678,7.204
10,B,10,2011-01-28,29964.98,False,28.045,1.163,7.514
2,B,46,2012-10-19,21044.22,True,13.299,1.127,11.296
10,A,28,2012-09-28,20342.66,True,23.841,1.107,9.074
5,C,65,2012-03-02,54935.33,False,31.867,0.864,8.312
1,B,19,2010-03-19,56381.29,True,-3.563,0.834,10.839
5,B,62,2012-02-10,27486.37,True,30.394,0.745,6.744
9,B,83,2012-11-02,36495.51,False,33.423,1.015,8.932
3,B,79,2011-09-30,29730.84,True,1.434,1.037,9.094
6,C,26,2010-08-20,14165.36,True,-1.939,1.007,6.237
6,A,26,2010-02-26,54422.07,False,1.377,0.931,7.606
5,A,35,2011-06-03,57838.54,False,31.939,1.169,4.552
3,A,5,2010-07-16,55149.88,True,0.567,0.622,4.816
1,B,17,2011-03-18,58230.2,True,25.506,0.702,7.901
1,A,4,2012-10-26,48776.07,True,36.607,0.991,11.992
5,A,16,2010-03-05,25990.05,False,34.319,1.12,5.904
5,A,18,2010-08-13,43477.29,False,32.107,0.884,5.963
5,A,48,2011-07-08,14476.75,True,28.779,0.901,10.825
6,B,40,2010-04-09,51428.72,True,28.09,0.729,4.009
8,B,70,2012-05-25,50656.58,False,23.573,0.758,5.504
7,A,53,2011-09-23,23739.71,True,18.524,1.023,6.646
1,C,49,2010-02-19,14387.05,True,36.438,0.901,11.966
4,A,3,2011-10-21,51927.73,False,-0.222,1.044,10.851
10,B,46,2010-10-08,11505.54,False,39.233,0.734,7.232
9,C,44,2012-01-20,56032.44,False,11.848,0.97,5.707
7,B,98,2012-09-21,31235.08,True,30.936,1.038,4.619
3,A,77,2010-09-03,12347.67,False,21.11,0.627,10.593
3,C,69,2012-02-24,34860.23,True,21.162,0.896,8.201
5,C,58,2011-06-17,30715.53,False,0.134,0.762,5.131
7,B,12,2010-08-13,23328.09,True,28.612,0.979,8.145
10,B,94,2011-09-30,11039.61,False,-4.4,0.813,10.037
10,C,64,2012-11-09,35645.02,True,9.603,0.947,11.492
8,B,63,2012-06-15,56340.87,False,29.033,1.045,8.864
2,A,82,2012-10-12,42755.83,False,7.298,0.78,5.503
6,B,41,2012-07-13,45752.04,False,32.267,0.742,8.855
7,A,28,2010-08-13,23286.33,True,16.6,0.886,8.263
10,A,79,2010-08-20,43376.33,False,4.246,0.759,6.658
5,B,1,2010-02-12,55515.52,False,3.185,1.124,6.553
6,B,58,2010-10-15,54133.65,False,15.62,1.018,8.173
4,B,67,2010-03-26,11101.7,False,-3.458,1.149,7.676
1,A,23,2010-05-21,56305.41,True,9.718,0.671,10.369
5,A,89,2012-07-06,51381.18,False,21.599,0.709,7.638
1,B,18,2010-07-16,46956.13,True,26.664,0.949,10.645
2,B,7,2012-12-07,59649.33,False,11.34,0.764,10.667
5,C,92,2010-08-13,14202.01,False,17.378,0.931,4.804
10,B,62,2011-11-11,25785.54,False,-4.721,0.863,7.762
7,B,58,2011-07-22,59428.19,True,15.68,1.2,8.662
6,B,54,2012-05-25,49600.8,False,10.1,1.062,10.141
9,A,99,2010-03-19,45440.55,False,24.104,1.083,6.607
9,B,78,2010-06-25,10816.98,False,15.905,0.889,7.098
2,A,44,2012-09-07,55270.84,False,8.359,1.04,7.911
10,A,59,2011-02-11,22158.84,False,28.456,1.058,6.969
7,C,69,2010-12-17,17638.91,True,-1.021,1.134,10.599
4,C,5,2010-04-23,32545.42,False,32.346,1.099,9.043
9,C,48,2011-08-12,46547.05,False,27.591,0.85,7.052
3,B,39,2011-09-02,56586.32,False,32.775,1.12,7.705
3,B,29,2010-09-24,18119.94,False,30.932,0.799,8.21
4,A,93,2012-11-30,37409.43,False,38.344,0.926,6.527
4,B,78,2012-11-30,52443.45,False,-1.07,1.164,5.19
9,A,84,2011-08-19,18277.59,False,-0.655,0.95,10.57
5,A,32,2011-10-14,59328.34,True,5.901,0.614,7.036
1,C,19,2010-06-11,52862.33,True,11.578,0.88,10.248
6,A,83,2010-04-09,14563.44,True,-2.154,0.834,10.709
1,A,31,2010-05-07,35472.41,False,2.683,0.981,5.251
4,A,91,2012-03-23,11392.37,False,39.29,0.699,5.404
2,B,99,2010-05-14,36359.1,True,31.81,0.896,8.924
10,B,75,2010-08-06,29264.5,False,22.252,0.827,4.237
8,B,13,2012-04-27,25268.81,False,30.254,1.005,11.723
1,A,86,2012-12-14,51804.06,True,22.603,0.998,6.979
6,A,90,2011-03-18,27646.77,True,-1.559,0.745,4.044
3,C,46,2012-03-16,37331.51,False,4.352,0.84,4.43
1,B,51,2012-03-30,55054.74,False,29.938,1.009,11.068
4,C,14,2010-05-28,57494.03,True,22.409,0.896,10.971
3,C,81,2011-12-16,50316.66,True,20.911,1.037,8.078
9,A,58,2011-01-14,13843.36,False,29.045,1.034,10.545
9,C,52,2012-09-07,34073.56,False,30.273,0.687,5.424
5,A,12,2012-03-23,21853.68,False,18.529,1.156,6.641
3,B,84,2012-01-06,51669.21,False,6.62,1.2,10.674
10,B,24,2011-01-28,20172.74,False,16.782,0.932,7.726
8,B,12,2011-01-28,25343.71,True,29.645,0.684,4.063
3,B,9,2011-09-16,55665.83,True,6.887,0.616,5.583
7,C,26,2011-07-01,57720.98,False,33.649,0.95,5.98
1,C,11,2011-11-25,18314.29,True,33.785,0.918,5.274
9,A,62,2010-08-20,46908.99,False,27.81,0.995,4.822
3,C,64,2010-12-31,40443.2,False,11.896,0.995,7.351
8,B,66,2010-12-31,41390.83,True,36.792,0.89,11.23
1,A,24,2012-05-04,11221.81,False,8.213,0.96,7.657
7,B,75,2010-05-28,38478.87,True,27.027,1.171,9.974
4,A,31,2012-05-18,59359.79,True,31.407,1.023,6.901
2,B,1,2010-03-26,31400.43,True,17.637,0.701,10.747
9,C,29,2010-03-05,20950.25,True,6.78,0.923,9.157
6,A,61,2011-04-15,15234.25,True,13.738,0.93,5.486
10,A,15,2012-01-06,16837.54,False,8.543,1.184,11.052
9,B,12,2011-03-11,34349.35,True,24.45,1.015,9.192
1,C,67,2012-10-26,16600.13,True,21.868,0.976,8.468
8,A,25,2011-04-15,24251.76,True,16.579,1.093,5.879
1,C,62,2010-11-19,27466.14,True,35.503,0.63,8.498
1,B,29,2012-06-15,49612.33,True,13.787,0.962,4.497
2,A,60,2012-11-02,24680.02,False,30.155,0.863,7.268
10,A,17,2010-05-07,45340.38,True,12.315,1.011,9.616
8,C,84,2011-03-11,33068.18,True,16.82,0.711,10.281
8,B,95,2012-12-07,49023.22,True,3.16,1.114,5.727
6,C,8,2010-05-14,52360.31,True,20.681,1.182,4.081
2,A,52,2012-03-23,52547.24,False,37.383,1.089,10.806
3,B,44,2011-08-19,18145.74,False,25.677,0.999,4.818
7,A,35,2011-02-04,52375.25,False,24.672,1.0,10.665
2,A,98,2011-10-07,55064.49,True,5.513,0.963,6.732
1,B,41,2011-01-28,29038.5,True,36.392,1.167,9.162
10,B,76,2010-10-22,19187.0,False,-4.291,1.135,4.136
2,B,82,2011-08-05,52089.38,False,1.272,0.978,8.571
2,A,93,2010-10-29,20837.29,True,-2.134,1.176,10.401
8,B,82,2010-10-08,37493.34,False,39.032,0.676,6.253
1,C,9,2011-07-08,50612.95,True,9.441,1.131,9.478
10,A,13,2012-09-21,35982.33,False,10.833,0.908,6.544
10,A,56,2011-08-26,22860.25,False,30.87,0.888,8.812
4,C,30,2011-09-30,48907.41,False,13.609,0.762,6.049
7,A,82,2011-09-16,40994.27,True,6.808,0.636,9.122
8,B,99,2010-11-05,13631.78,False,16.849,0.957,10.107
7,C,88,2011-07-29,38586.05,False,20.226,0.774,9.927
7,B,54,2011-11-18,27823.81,True,8.622,0.956,11.834
4,C,79,2012-09-21,11562.67,False,12.473,1.143,6.937
10,A,57,2011-04-29,59731.6,False,35.009,0.834,4.916
7,B,27,2011-07-22,45105.85,True,31.691,0.818,10.996
10,A,86,2011-02-18,40216.75,False,-1.461,0.658,11.515
5,C,31,2011-01-07,58082.27,True,0.806,0.879,6.352
8,C,76,2011-11-04,58877.12,True,7.532,0.926,5.289
8,A,42,2011-07-29,12492.64,True,6.207,1.094,9.09
7,B,51,2012-06-29,54885.46,True,24.47,1.083,11.484
3,C,74,2011-02-25,21922.03,True,14.204,0.868,10.653
7,B,22,2011-10-07,13373.71,False,-1.766,0.751,10.257
2,A,77,2011-10-14,45771.0,False,-3.412,0.69,4.12
4,C,77,2012-11-23,23983.99,False,20.295,1.196,11.489
9,A,4,2011-05-13,13241.93,True,13.256,0.648,11.797
3,B,86,2011-01-21,40760.8,False,7.882,0.675,9.19
8,A,49,2012-07-13,16182.26,True,9.355,1.104,9.144
1,A,79,2012-12-07,38964.34,True,11.073,1.152,11.866
10,B,83,2010-07-16,24247.55,True,37.024,0.705,10.344
6,B,34,2010-11-26,18689.15,True,26.819,0.987,7.358
7,B,78,2012-12-14,58826.02,True,-1.167,0.999,11.556
3,A,28,2010-07-16,55946.55,True,19.829,0.751,10.242
7,C,79,2012-01-06,15267.96,False,32.069,1.162,5.698
5,A,47,2010-09-24,52691.43,True,27.623,0.806,9.622
2,A,51,2011-10-28,43207.95,False,4.55,1.021,7.824
3,B,85,2012-06-29,27409.82,False,15.684,0.934,7.08
3,C,30,2011-12-02,39791.87,False,0.163,0.855,5.386
4,A,37,2010-08-20,40970.33,True,39.116,0.739,9.652
3,C,84,2010-11-05,43914.6,True,16.131,0.854,11.612
5,C,2,2010-03-19,49214.53,True,13.547,0.659,8.908
9,C,61,2010-07-30,28520.25,True,24.029,0.942,4.945
8,B,34,2010-09-03,41750.14,False,17.453,1.027,5.97
10,B,60,2010-09-10,54604.14,False,9.275,0.991,11.526
4,B,11,2011-05-06,13766.24,True,19.199,0.794,4.146
8,C,95,2011-07-29,35037.03,True,0.805,0.875,4.496
7,C,62,2012-11-02,53020.49,False,7.048,0.884,11.357
7,A,30,2012-06-08,45648.21,True,11.043,0.964,11.92
6,B,46,2011-03-04,58020.51,False,6.756,0.999,10.131
1,B,96,2010-10-08,45456.07,False,24.734,0.652,8.463
6,A,93,2012-09-21,29621.71,True,22.498,0.742,6.575
5,A,16,2010-11-05,42545.66,True,10.64,0.994,6.435
6,B,75,2010-12-31,41310.28,False,27.491,0.97,10.927
3,C,21,2010-10-22,27522.54,True,18.451,0.998,6.351
10,C,98,2012-01-06,25679.29,True,-0.089,0.938,8.29
5,C,55,2010-06-25,29007.16,False,39.7,1.133,11.043
10,C,80,2011-01-21,26589.83,False,34.73,1.114,5.643
1,A,81,2010-09-10,34565.76,False,11.378,0.651,10.201
7,B,55,2010-07-02,13687.25,False,35.533,1.199,11.494
6,C,72,2010-05-28,42075.9,False,30.966,0.842,5.187
9,B,85,2012-05-04,52096.2,True,-3.06,0.636,10.821
10,A,23,2011-08-26,19223.73,True,28.227,1.022,11.679
9,B,30,2010-07-30,55807.0,True,4.615,0.932,5.44
10,B,14,2011-12-16,49611.55,False,-0.877,0.604,4.283
10,B,69,2011-05-27,39026.86,True,1.591,1.009,9.988
10,B,83,2012-10-12,16894.95,True,19.931,1.171,5.145
1,C,55,2011-02-11,20468.0,True,18.446,0.617,5.795
1,B,52,2010-08-06,48442.24,True,25.49,0.741,11.598
6,C,9,2011-08-26,15318.89,False,12.07,0.692,9.065
9,A,27,2010-02-26,18050.27,False,16.106,0.925,4.907
5,B,98,2010-09-03,36285.05,True,33.897,0.973,5.334
3,A,85,2010-06-11,17459.95,True,-4.476,0.824,5.796
6,C,49,2011-04-15,40882.36,True,3.215,1.081,11.036
4,A,60,2011-08-05,50240.17,False,6.579,0.682,7.147
10,C,47,2012-05-18,59705.74,True,17.711,1.031,11.221
2,A,93,2012-11-30,10242.67,True,-0.594,0.713,7.736
6,A,34,2010-12-24,47697.98,False,15.962,0.949,10.779
4,C,79,2010-04-30,58430.44,True,5.381,0.928,4.632
10,A,14,2010-02-05,12061.71,False,-0.508,0.811,4.663
7,B,26,2011-07-01,40426.53,False,-3.321,0.659,8.712
6,B,93,2011-02-18,19967.21,True,22.505,0.924,5.915
8,B,93,2010-09-10,40816.1,True,12.082,0.787,11.715
7,C,37,2010-12-24,49757.96,True,19.49,0.689,7.862
6,C,60,2012-01-13,19843.48,True,12.534,0.804,5.487
6,A,80,2012-05-11,55720.26,False,5.209,0.752,5.518
8,A,35,2011-11-04,34556.39,True,7.446,1.159,8.512
10,A,68,2012-08-10,16499.58,True,5.728,0.876,8.969
1,A,82,2011-08-05,55286.11,False,24.425,1.015,8.328
7,C,31,2011-04-08,20138.2,True,-4.917,0.961,5.427
6,A,51,2012-06-22,53553.5,False,16.252,0.797,9.376
10,A,35,2010-02-26,29534.06,False,-2.917,1.048,6.918
1,A,12,2010-08-20,33288.69,False,38.385,1.03,11.622
10,C,39,2012-12-14,51921.8,False,31.977,1.168,9.164
2,A,40,2012-07-06,54297.32,True,28.489,0.938,10.898
9,A,87,2010-07-09,16541.45,False,17.942,0.778,8.145
5,A,67,2010-04-16,20552.88,False,39.262,1.02,10.857
2,B,41,2011-11-18,22603.16,False,15.884,1.177,7.098
5,A,52,2011-11-04,25841.8,False,31.25,0.833,6.09
2,A,30,2012-03-09,36675.29,True,20.994,0.879,10.785
1,B,2,2010-12-17,39883.94,False,-0.856,0.721,11.383
7,B,64,2011-03-04,38494.28,False,5.674,0.976,5.839
4,C,8,2012-05-04,34359.87,False,15.741,0.719,5.145
6,C,64,2012-06-29,40155.53,False,13.801,0.75,5.857
10,A,6,2011-07-08,46969.39,False,3.263,0.618,6.725
10,B,62,2012-03-16,52368.46,False,10.824,0.977,11.236
7,C,29,2012-08-03,44916.34,True,1.697,0.778,7.632
1,A,41,2012-04-20,57787.82,True,39.109,1.004,9.667
1,C,76,2012-06-22,17699.91,True,5.509,0.922,9.684
3,B,63,2012-08-24,45475.68,True,20.425,1.067,4.248
1,A,44,2012-11-16,33567.66,True,34.995,1.018,8.395
1,B,68,2011-10-21,50940.01,True,17.682,1.157,6.275
1,C,6,2011-05-13,31059.94,True,31.87,0.856,4.551
4,C,32,2010-09-10,38205.4,True,15.222,0.693,8.072
4,C,79,2012-09-07,15455.15,True,27.346,0.941,5.939
1,B,9,2012-11-30,30638.22,True,29.446,0.631,4.18
10,A,63,2012-06-22,49150.24,True,36.253,0.913,11.101
7,B,32,2012-12-14,14612.27,True,32.741,1.141,6.098
8,A,53,2012-09-28,50844.77,False,5.75,1.094,4.522
9,C,83,2010-07-02,57210.22,True,-3.456,1.0,8.86
9,B,25,2011-03-11,50049.97,False,38.03,0.979,10.347
9,B,98,2012-04-27,44222.55,True,-4.27,0.859,6.234
7,C,44,2011-01-07,16731.85,True,12.539,1.122,11.299
2,B,57,2011-12-02,17641.08,True,18.124,0.88,7.981
5,C,63,2011-08-05,58188.92,True,5.715,0.708,8.793
9,C,85,2010-12-31,15279.01,True,33.484,1.032,11.745
5,B,99,2011-03-04,30016.07,True,37.255,0.863,7.385
3,C,71,2012-10-19,41462.46,False,14.241,0.63,4.304
